{"cameraMode":{"drawMode":0,"name":"Shaded","section":"Shading Mode"},"sceneLighting":true,"audioPlay":false,"sceneViewState":{"showFog":true,"showMaterialUpdate":false,"showSkybox":true,"showFlares":true,"showImageEffects":true,"showParticleSystems":true},"in2DMode":false,"pivot":{"x":24.121932983398439,"y":7.411901473999023,"z":171.86195373535157},"rotation":{"x":0.19012930989265443,"y":0.03333210572600365,"z":-0.0064373863860964779,"w":0.981201171875},"size":97.35340881347656,"orthographic":true}