{"cameraMode":{"drawMode":0,"name":"Shaded","section":"Shading Mode"},"sceneLighting":false,"audioPlay":false,"sceneViewState":{"showFog":true,"showMaterialUpdate":false,"showSkybox":false,"showFlares":true,"showImageEffects":true,"showParticleSystems":true},"in2DMode":false,"pivot":{"x":-4.238044738769531,"y":0.6971648335456848,"z":0.17873454093933106},"rotation":{"x":-0.03529413044452667,"y":-0.0742952972650528,"z":0.0026275815907865764,"w":-0.9966206550598145},"size":2.610762596130371,"orthographic":true}